ID,WORD,POSWX,POSLY,LENGTH,LINE,PAGE,DURATION,AUDIOFILE
1,You,96.01476,121.785196,24.3036864001341,1,1,000,1_1
2,Are,237.417,121.785196,21.156710400134,1,1,000,1_2
3,Amazing,378.81924,121.785196,51.7261247995978,1,1,000,1_3
4,Never,520.50372,121.785196,34.4727935998659,1,1,000,1_4
5,Give,96.01476,178.982476,27.433728,2,1,000,1_5
6,Up,237.417,178.982476,17.2505088,2,1,000,1_6
7,Try,378.81924,178.982476,20.3749055998659,2,1,000,1_7
8,Again,520.50372,178.982476,34.486905599866,2,1,000,1_8
